samples,sample_rate,class_label
"[ 1.2662281e-06  1.4249257e-06 -1.5742867e-08 ... -5.9785591e-03
 -5.0158123e-03 -2.6171156e-03]",22050,belly_pain
"[ 1.0455078e-05  2.0626496e-04  3.2086764e-04 ... -9.1936447e-05
 -5.8081397e-04 -5.9179578e-04]",22050,belly_pain
"[-0.001212   -0.00145916 -0.00125864 ...  0.00095171  0.00116718
  0.0007323 ]",22050,belly_pain
"[-0.00038403 -0.00075927 -0.00069732 ... -0.00650694 -0.00414154
 -0.00163664]",22050,belly_pain
"[ 0.00341488  0.00230932 -0.00101492 ... -0.0256507  -0.01249246
 -0.00290892]",22050,belly_pain
"[ 0.00148928  0.0011283  -0.00012077 ...  0.01787638  0.01446453
  0.00703188]",22050,belly_pain
"[ 9.4075693e-04  1.2799316e-03  1.8105467e-03 ... -8.3857216e-04
 -4.3799479e-05  1.6567411e-04]",22050,belly_pain
[0.00064952 0.00083653 0.0007035  ... 0.00231584 0.00185211 0.00089781],22050,belly_pain
"[ 0.          0.          0.         ... -0.01343011 -0.00910757
 -0.00393792]",22050,belly_pain
"[-1.9216411e-04  6.8480127e-05  3.8098509e-04 ... -2.4385195e-02
 -1.9063454e-02 -9.6030058e-03]",22050,belly_pain
"[ 1.2662281e-06  1.4249257e-06 -1.5742867e-08 ... -4.4562571e-02
 -1.9183269e-02 -2.9825985e-03]",22050,belly_pain
"[ 1.2662281e-06  1.4249257e-06 -1.5742867e-08 ...  8.8087760e-02
  7.5029381e-02  3.8653098e-02]",22050,belly_pain
[0.         0.         0.         ... 0.00913283 0.00709071 0.00358567],22050,belly_pain
"[ 1.2098130e-06  9.0492887e-07 -4.7820839e-07 ...  4.7888845e-02
  3.6959033e-02  1.8500404e-02]",22050,belly_pain
"[1.5001424e-06 1.7430800e-06 3.4593455e-08 ... 8.7827194e-04 5.0553231e-04
 2.3430992e-04]",22050,belly_pain
"[ 1.0318506e-06  9.2244221e-07 -2.4674588e-07 ... -3.2119614e-03
 -2.4904776e-03 -1.2200780e-03]",22050,belly_pain
"[ 1.2662281e-06  1.4249257e-06 -1.5742867e-08 ...  6.9963284e-02
  2.5270304e-02  4.2844424e-03]",22050,burping
"[-2.0091665e-04 -1.6162627e-04 -7.5847260e-05 ... -9.0263546e-02
 -6.4942569e-02 -3.1016840e-02]",22050,burping
"[ 0.00050384  0.00048624  0.00032702 ... -0.00137826 -0.00013251
  0.00027053]",22050,burping
[0.0002888  0.00055657 0.00084481 ... 0.00023099 0.00018433 0.00010104],22050,burping
"[ 0.00020067  0.00016199 -0.00164534 ... -0.02957218 -0.0400188
 -0.02511131]",22050,burping
"[ 0.00041419 -0.00031887 -0.00121945 ... -0.00141876 -0.00148704
 -0.00105506]",22050,burping
"[ 1.2662281e-06  1.4249257e-06 -1.5742867e-08 ...  3.8531208e-01
  2.0256540e-01  5.6068599e-02]",22050,burping
"[ 1.6724714e-04  3.7947488e-05 -1.1041017e-04 ...  6.9422022e-02
  4.8712283e-02  2.2798985e-02]",22050,burping
"[ 0.          0.          0.         ... -0.43289304 -0.3736852
 -0.19984011]",22050,discomfort
[0.0022782  0.00135245 0.00027191 ... 0.02827214 0.01525368 0.00526737],22050,discomfort
"[ 0.          0.          0.         ... -0.03165021 -0.02389951
 -0.01167026]",22050,discomfort
"[-0.00072847 -0.00112585 -0.00123765 ...  0.09065725  0.07238849
  0.03225756]",22050,discomfort
"[ 0.          0.          0.         ... -0.31334597 -0.2636136
 -0.13859743]",22050,discomfort
"[-0.00365748 -0.01812321 -0.01257044 ... -0.14194481 -0.11403612
 -0.05786861]",22050,discomfort
[0.         0.         0.         ... 0.00217482 0.001787   0.00091413],22050,discomfort
"[ 1.2662281e-06  1.4249257e-06 -1.5742867e-08 ... -3.7853019e-03
 -2.1589820e-03 -8.0388633e-04]",22050,discomfort
"[ 1.2662281e-06  1.4249257e-06 -1.5742867e-08 ... -2.8973954e-02
 -2.0093439e-02 -8.7963119e-03]",22050,discomfort
[0.         0.         0.         ... 0.0162031  0.01335481 0.0069253 ],22050,discomfort
"[0.0000000e+00 0.0000000e+00 0.0000000e+00 ... 4.0197212e-04 1.8424579e-04
 2.3601999e-05]",22050,discomfort
"[ 0.00046839  0.00039986  0.00020684 ... -0.01119102 -0.01601655
 -0.01473462]",22050,discomfort
"[ 1.2662281e-06  1.4249257e-06 -1.5742867e-08 ...  5.2238408e-02
  4.4612095e-02  2.3857139e-02]",22050,discomfort
"[ 1.2662281e-06  1.4249257e-06 -1.5742867e-08 ... -6.8923137e-03
 -4.7001294e-03 -2.1269131e-03]",22050,discomfort
"[ 1.2662281e-06  1.4249257e-06 -1.5742867e-08 ... -2.1031057e-02
 -1.4343306e-02 -6.6190530e-03]",22050,discomfort
"[ 1.2662281e-06  1.4249257e-06 -1.5742867e-08 ... -4.5318058e-04
 -3.5669631e-04 -1.8469861e-04]",22050,discomfort
"[ 1.2662281e-06  1.4249257e-06 -1.5742867e-08 ...  1.9486231e-01
  1.4355420e-01  6.9395505e-02]",22050,discomfort
"[ 1.2662281e-06  1.4249257e-06 -1.5742867e-08 ...  4.6333086e-02
  3.4235932e-02  1.6532911e-02]",22050,discomfort
"[ 1.2662281e-06  1.4249257e-06 -1.5742867e-08 ...  2.1985478e-03
  1.0267003e-03  2.0998571e-04]",22050,discomfort
"[ 1.0524032e-07  3.6378037e-07  2.3479491e-07 ... -3.2154986e-01
 -2.5581411e-01 -1.2656419e-01]",22050,discomfort
"[-2.2076476e-08 -9.6595052e-08 -7.2496142e-08 ... -8.4508983e-03
 -9.4875060e-03 -5.3478917e-03]",22050,discomfort
"[-0.00187956  0.00071626  0.00083355 ... -0.15252252 -0.11371455
 -0.05515268]",22050,discomfort
"[-1.6646089e-06 -5.2987539e-06 -3.8860776e-06 ...  2.9277979e-04
  2.5514723e-04  1.3488236e-04]",22050,discomfort
"[ 1.3770621e-06  1.8585857e-06  2.9253962e-07 ... -1.4813103e-02
 -2.3558665e-02 -1.5881034e-02]",22050,discomfort
"[-9.2750383e-08 -8.1874433e-08  2.1409575e-08 ... -9.0597890e-04
 -7.0303155e-04 -3.0455776e-04]",22050,discomfort
"[ 1.2662281e-06  1.4249257e-06 -1.5742867e-08 ...  6.7711370e-03
  3.7123803e-02  3.3085816e-02]",22050,discomfort
"[ 1.6133342e-06  3.9948486e-06  2.2130685e-06 ... -3.0345833e-01
 -1.8393354e-01 -7.1827739e-02]",22050,discomfort
"[-1.5897170e-06 -5.0467679e-06 -3.7197096e-06 ...  2.3651218e-04
  2.5615463e-04  1.6537076e-04]",22050,hungry
"[ 1.2662281e-06  1.4249257e-06 -1.5742867e-08 ...  1.3918782e-03
  1.0252144e-03  5.0565583e-04]",22050,hungry
"[ 1.2662281e-06  1.4249257e-06 -1.5742867e-08 ...  1.4863822e-02
  1.5698088e-02  8.8697243e-03]",22050,hungry
"[ 1.2662281e-06  1.4249257e-06 -1.5742867e-08 ...  2.6889476e-01
  1.9018181e-01  8.9544818e-02]",22050,hungry
"[ 0.00035942  0.00036879  0.00062274 ... -0.03244944 -0.02911277
 -0.0161115 ]",22050,hungry
"[ 1.2959136e-06  1.0027495e-05  2.1175827e-05 ... -1.1716833e-03
 -9.5460075e-04 -4.9274822e-04]",22050,hungry
"[ 1.2662281e-06  1.4249257e-06 -1.5742867e-08 ... -1.5208386e-01
 -1.0393302e-01 -4.6811346e-02]",22050,hungry
[0.0003823  0.00034302 0.0001998  ... 0.01459904 0.01145403 0.0056953 ],22050,hungry
"[ 0.00062096  0.00085816  0.00104167 ... -0.00150909 -0.00098012
 -0.00043883]",22050,hungry
"[ 0.00073901  0.0011423   0.00102635 ... -0.00073627  0.00140703
  0.00170082]",22050,hungry
"[-0.00055613 -0.00096623 -0.0013461  ... -0.06209045 -0.01181703
  0.01415398]",22050,hungry
"[-0.00141889  0.00052549  0.00058972 ... -0.00330213 -0.00288936
 -0.00148866]",22050,hungry
[0.         0.         0.         ... 0.00216568 0.00193879 0.00106933],22050,hungry
"[ 1.2689404e-06  1.4270776e-06 -1.6767562e-08 ...  8.1224449e-02
  4.8843302e-02  1.8987229e-02]",22050,hungry
"[ 1.2662281e-06  1.4249257e-06 -1.5742867e-08 ...  1.0332768e-04
  8.8557616e-05  7.6843935e-05]",22050,hungry
"[ 1.2662281e-06  1.4249257e-06 -1.5742867e-08 ... -4.3579112e-03
 -3.1114733e-03 -1.7557124e-03]",22050,hungry
[0.         0.         0.         ... 0.00101856 0.00073823 0.00032322],22050,hungry
"[ 1.2662281e-06  1.4249257e-06 -1.5742867e-08 ...  1.9337694e-01
  1.3636015e-01  6.4366527e-02]",22050,hungry
[0.         0.         0.         ... 0.0676778  0.10987715 0.0761253 ],22050,hungry
"[ 1.2662281e-06  1.4249257e-06 -1.5742867e-08 ... -1.2509486e-04
 -9.3451505e-05 -4.6578574e-05]",22050,hungry
"[-0.00191791 -0.00614335 -0.00551061 ...  0.05651902  0.03362232
  0.01302029]",22050,hungry
"[-0.00054264  0.00117206  0.00269033 ... -0.04429915 -0.02821754
 -0.01119371]",22050,hungry
"[-0.01157221 -0.015394   -0.00484137 ... -0.11603688 -0.07740905
 -0.03896146]",22050,hungry
"[ 1.2817215e-03  8.8814268e-05 -2.6992962e-03 ... -5.5703166e-04
 -6.4562220e-04 -4.1831154e-04]",22050,hungry
[0.         0.         0.         ... 0.16486208 0.07527158 0.01365974],22050,hungry
[0.00288802 0.00340561 0.00185073 ... 0.00513767 0.00401493 0.00222701],22050,hungry
"[ 1.2662281e-06  1.4249257e-06 -1.5742867e-08 ... -1.3242369e-03
 -1.0079279e-03 -4.8947101e-04]",22050,hungry
"[ 1.2662281e-06  1.4249257e-06 -1.5742867e-08 ... -2.7764242e-02
 -5.6825880e-02 -4.0581435e-02]",22050,hungry
"[ 1.2662281e-06  1.4249257e-06 -1.5742867e-08 ... -3.7854213e-02
 -2.6850160e-02 -1.2718345e-02]",22050,hungry
"[ 0.00144343 -0.00053529 -0.00369691 ...  0.01865241  0.01224288
  0.00466313]",22050,hungry
"[ 1.2662281e-06  1.4249257e-06 -1.5742867e-08 ...  7.4514978e-02
  5.1962785e-02  2.4355233e-02]",22050,hungry
"[ 1.2649773e-06  1.4245380e-06 -1.4618319e-08 ... -2.8728019e-03
 -2.2619728e-03 -1.0981581e-03]",22050,hungry
"[ 1.2662281e-06  1.4249257e-06 -1.5742867e-08 ... -1.7173241e-01
 -1.2560308e-01 -6.0900342e-02]",22050,hungry
"[-4.5754248e-07 -3.8162225e-06 -3.7768357e-06 ...  1.9390430e-02
  1.3888696e-02  6.5316553e-03]",22050,hungry
"[ 1.2662281e-06  1.4249257e-06 -1.5742867e-08 ...  1.1556018e-01
  9.4094522e-02  4.8709132e-02]",22050,hungry
"[ 1.2662281e-06  1.4249257e-06 -1.5742867e-08 ... -2.6231688e-03
 -1.6244812e-03 -5.3010869e-04]",22050,hungry
"[ 1.2662281e-06  1.4249257e-06 -1.5742867e-08 ...  1.9015753e-01
  2.1605523e-01  1.3308431e-01]",22050,hungry
"[ 1.2662281e-06  1.4249257e-06 -1.5742867e-08 ...  1.9972827e-02
  1.4233738e-02  6.3334238e-03]",22050,hungry
"[ 1.2662281e-06  1.4249257e-06 -1.5742867e-08 ...  2.5516880e-01
  1.9193979e-01  9.6819066e-02]",22050,hungry
"[ 1.2662281e-06  1.4249257e-06 -1.5742867e-08 ... -6.7173201e-04
 -6.4744143e-04 -4.3466414e-04]",22050,hungry
"[-0.00337133 -0.00155207  0.00024719 ... -0.0036994  -0.0029915
 -0.00153448]",22050,hungry
"[ 1.2662281e-06  1.4249257e-06 -1.5742867e-08 ...  1.6767826e-02
  4.4198692e-02  3.5264373e-02]",22050,hungry
"[ 1.2662281e-06  1.4249257e-06 -1.5742867e-08 ... -1.2640948e-03
 -1.0006456e-03 -5.1602663e-04]",22050,hungry
"[ 1.2662281e-06  1.4249257e-06 -1.5742867e-08 ... -3.4407005e-03
 -2.2694590e-03 -9.8553114e-04]",22050,hungry
"[ 1.2662281e-06  1.4249257e-06 -1.5742867e-08 ... -1.6445403e-03
  4.6817423e-03  5.0573861e-03]",22050,hungry
"[ 1.2662281e-06  1.4249257e-06 -1.5742867e-08 ...  1.1536498e-02
  8.6022522e-03  4.1930084e-03]",22050,hungry
"[-2.0091665e-04 -1.6162627e-04 -7.5847260e-05 ...  5.0125830e-03
  3.0383163e-03  1.2260020e-03]",22050,hungry
"[9.2979771e-04 4.0069886e-04 9.1894541e-04 ... 4.8695010e-01 3.9848578e-01
 2.0839314e-01]",22050,hungry
"[-5.9061340e-04 -4.4311196e-04 -2.1696589e-05 ...  3.2377436e-03
  2.5507230e-03  1.3600483e-03]",22050,hungry
"[ 1.2662281e-06  1.4249257e-06 -1.5742867e-08 ... -9.4807637e-04
 -6.8386056e-04 -2.8473159e-04]",22050,hungry
"[ 1.2662281e-06  1.4249257e-06 -1.5742867e-08 ...  1.9373126e-02
  1.6731879e-02  8.9109596e-03]",22050,hungry
"[ 1.2662281e-06  1.4249257e-06 -1.5742867e-08 ...  3.6796242e-02
  2.1057941e-02  7.5933663e-03]",22050,hungry
"[ 1.2662281e-06  1.4249257e-06 -1.5742867e-08 ... -3.0312961e-01
 -1.8633865e-01 -7.3085375e-02]",22050,hungry
"[ 1.2662281e-06  1.4249257e-06 -1.5742867e-08 ... -2.3471572e-01
 -1.8749256e-01 -9.7735040e-02]",22050,hungry
"[-1.2705724e-06 -4.1617477e-06 -3.2208661e-06 ...  1.6273200e-03
  1.3760846e-03  6.9727993e-04]",22050,hungry
"[ 1.2662281e-06  1.4249257e-06 -1.5742867e-08 ...  1.8389710e-05
 -1.7766100e-05 -2.3571949e-05]",22050,hungry
"[ 1.2662281e-06  1.4249257e-06 -1.5742867e-08 ... -5.6328685e-03
 -4.1762255e-03 -1.9228427e-03]",22050,hungry
"[ 1.2662281e-06  1.4249257e-06 -1.5742867e-08 ... -2.9080665e-02
 -2.0946175e-02 -9.9853482e-03]",22050,hungry
"[ 1.26622808e-06  1.42492570e-06 -1.57428666e-08 ...  1.19208224e-01
  7.93346316e-02  3.42403576e-02]",22050,hungry
"[ 1.2662281e-06  1.4249257e-06 -1.5742867e-08 ...  4.2981491e-04
  1.9554504e-04  2.8154069e-05]",22050,hungry
"[-0.00087412 -0.00033841 -0.00088339 ...  0.0228106   0.01738718
  0.00839846]",22050,hungry
"[ 0.          0.          0.         ... -0.02536627 -0.01367252
 -0.00492893]",22050,hungry
"[ 1.2662281e-06  1.4249257e-06 -1.5742867e-08 ... -8.1671640e-02
 -5.7595495e-02 -2.6703080e-02]",22050,hungry
"[ 1.2662281e-06  1.4249257e-06 -1.5742867e-08 ... -2.3040366e-03
 -1.5192470e-03 -6.6978968e-04]",22050,hungry
"[ 1.2662281e-06  1.4249257e-06 -1.5742867e-08 ... -4.0685214e-04
 -2.9715724e-04 -1.4628282e-04]",22050,hungry
"[ 1.26622808e-06  1.42492570e-06 -1.57428666e-08 ...  5.40196821e-02
  3.30066085e-02  1.28733255e-02]",22050,hungry
"[ 1.2662281e-06  1.4249257e-06 -1.5742867e-08 ...  1.7967384e-04
  1.4914462e-04  7.6458433e-05]",22050,hungry
"[ 1.2662281e-06  1.4249257e-06 -1.5742867e-08 ... -8.4423073e-02
 -6.6249534e-02 -3.4179088e-02]",22050,hungry
"[ 1.2662281e-06  1.4249257e-06 -1.5742867e-08 ... -4.9347978e-04
 -3.2761914e-04 -1.3652268e-04]",22050,hungry
"[ 1.2662281e-06  1.4249257e-06 -1.5742867e-08 ...  1.2592886e-01
  6.3015290e-02  1.8491333e-02]",22050,hungry
[0.         0.         0.         ... 0.19962664 0.18532644 0.0959053 ],22050,hungry
"[ 1.2662281e-06  1.4249257e-06 -1.5742867e-08 ... -3.4499494e-04
 -1.9241641e-04 -6.7883884e-05]",22050,hungry
"[ 1.2662281e-06  1.4249257e-06 -1.5742867e-08 ... -4.6436975e-07
 -1.7517712e-07  2.6305088e-07]",22050,hungry
"[ 1.1593345e-04  8.1790662e-05  2.8295299e-05 ... -1.1948897e-02
 -8.0218045e-03 -3.6935166e-03]",22050,hungry
"[-0.00040493  0.00129495  0.0032424  ...  0.00907985  0.00727863
  0.00372803]",22050,hungry
"[ 1.2662281e-06  1.4249257e-06 -1.5742867e-08 ... -5.1454091e-03
 -4.1936552e-03 -1.5024712e-03]",22050,hungry
"[ 0.0019535   0.00222652  0.00191964 ... -0.19158341 -0.05931385
  0.01162755]",22050,hungry
[0.00153947 0.00355055 0.00200645 ... 0.21259262 0.13571009 0.05741455],22050,hungry
"[3.1875584e-07 1.0269866e-05 2.2583990e-05 ... 3.1396128e-02 2.5049228e-02
 1.3045480e-02]",22050,hungry
"[1.1317858e-06 1.0615391e-05 2.2028022e-05 ... 1.5863992e-02 1.0405276e-02
 4.5970217e-03]",22050,hungry
"[-2.2446446e-07 -3.3300792e-06 -3.5654668e-06 ... -6.3906977e-04
  2.2650293e-04  2.1364240e-04]",22050,hungry
"[ 2.0793739e-06  1.7721575e-06 -5.7010152e-07 ... -4.2220512e-03
 -3.9947988e-03 -2.2493436e-03]",22050,hungry
"[ 1.26933367e-06  1.43297052e-06 -1.12126735e-08 ... -2.04304621e-01
 -2.35945851e-01 -1.40845716e-01]",22050,hungry
"[ 1.0524032e-07  3.6378037e-07  2.3479491e-07 ... -1.4262664e-01
 -1.0186076e-01 -4.7004193e-02]",22050,hungry
"[-2.2731333e-06 -2.7502283e-06 -1.8949022e-07 ...  6.3905679e-02
  5.2252438e-02  2.7679052e-02]",22050,hungry
"[-2.8183724e-06 -7.3724041e-06 -4.7252520e-06 ... -2.2836488e-03
 -4.3718296e-04  3.2440134e-04]",22050,hungry
"[ 0.00183769  0.00097544 -0.00058057 ...  0.03060558  0.02267987
  0.01076915]",22050,hungry
"[ 1.2662281e-06  1.4249257e-06 -1.5742867e-08 ... -5.5397693e-02
 -3.4533899e-02 -1.2533895e-02]",22050,hungry
"[ 1.0522982e-07  3.6376090e-07  2.3478864e-07 ... -2.8767724e-02
 -2.4490191e-02 -1.3030025e-02]",22050,hungry
"[-1.3772909e-06 -4.5305424e-06 -3.4589993e-06 ...  7.6708444e-03
  1.0247008e-02  6.6285608e-03]",22050,hungry
"[ 1.2662281e-06  1.4249257e-06 -1.5742867e-08 ...  6.0549695e-03
  4.4694184e-03  2.1467488e-03]",22050,hungry
"[ 0.01069454 -0.01074632 -0.0214304  ... -0.05405063 -0.03351628
 -0.01207156]",22050,hungry
"[-2.5640235e-03 -1.4289982e-03  1.6670779e-03 ...  8.8869920e-03
 -5.8178564e-05 -7.1829732e-04]",22050,hungry
"[ 1.2662281e-06  1.4249257e-06 -1.5742867e-08 ...  1.3113686e-02
  1.4141703e-02  9.1631645e-03]",22050,hungry
"[ 1.2662281e-06  1.4249257e-06 -1.5742867e-08 ...  8.5766194e-03
  4.2209756e-03  2.2680186e-04]",22050,hungry
"[ 1.2662281e-06  1.4249257e-06 -1.5742867e-08 ... -1.6175507e-01
 -1.9695356e-01 -1.2594278e-01]",22050,hungry
"[ 1.26622808e-06  1.42492570e-06 -1.57428666e-08 ...  1.42876785e-02
  1.21909333e-02  6.80015516e-03]",22050,hungry
"[ 1.26622808e-06  1.42492570e-06 -1.57428666e-08 ... -2.39021853e-02
 -1.35312960e-01 -1.01257265e-01]",22050,hungry
"[ 1.2662281e-06  1.4249257e-06 -1.5742867e-08 ... -1.5337856e-01
 -3.9556351e-01 -3.3185291e-01]",22050,hungry
"[ 1.2662281e-06  1.4249257e-06 -1.5742867e-08 ...  5.0466195e-02
  2.1146792e-01  1.8117464e-01]",22050,hungry
"[ 1.2662281e-06  1.4249257e-06 -1.5742867e-08 ...  6.5872438e-02
  4.2029534e-02  1.7932273e-02]",22050,hungry
"[ 1.2662281e-06  1.4249257e-06 -1.5742867e-08 ...  2.5301075e-03
  1.1076939e-03  4.3707056e-04]",22050,hungry
"[ 1.2662281e-06  1.4249257e-06 -1.5742867e-08 ...  3.1026402e-03
  1.9276972e-03  7.7119353e-04]",22050,hungry
"[0.0000000e+00 0.0000000e+00 0.0000000e+00 ... 3.5031633e-05 9.9724020e-06
 4.9614378e-06]",22050,hungry
"[-2.5158538e-06 -5.6083200e-06 -3.2515366e-06 ...  2.4076330e-03
 -1.6940169e-03 -2.1086454e-03]",22050,hungry
"[1.2631108e-06 1.4404358e-06 4.8591646e-09 ... 8.9100434e-04 6.7920203e-04
 3.3743537e-04]",22050,hungry
"[ 0.          0.          0.         ... -0.00080969 -0.00055848
 -0.00025823]",22050,hungry
"[ 1.2662281e-06  1.4249257e-06 -1.5742867e-08 ...  1.1951828e-03
  8.4744219e-04  3.8328674e-04]",22050,hungry
"[ 1.2662281e-06  1.4249257e-06 -1.5742867e-08 ...  4.2843507e-03
  2.9891266e-03  1.3896261e-03]",22050,hungry
"[ 1.2662281e-06  1.4249257e-06 -1.5742867e-08 ...  1.3348482e-03
  9.1806147e-04  4.1660419e-04]",22050,hungry
"[ 1.26622808e-06  1.42492570e-06 -1.57428666e-08 ... -2.55417370e-04
 -1.09551554e-04 -2.96004418e-05]",22050,hungry
[0.00058821 0.00159576 0.00240546 ... 0.00303451 0.00533474 0.00389194],22050,hungry
"[ 0.00234548  0.00279283  0.00088165 ... -0.00333042 -0.00315303
 -0.00181449]",22050,hungry
"[ 1.2662281e-06  1.4249257e-06 -1.5742867e-08 ... -1.6481007e-03
 -1.0229041e-03 -3.9374395e-04]",22050,hungry
"[ 1.2662281e-06  1.4249257e-06 -1.5742867e-08 ...  1.0261041e-01
  7.2621979e-02  3.4076400e-02]",22050,hungry
"[-0.00167201  0.00206201  0.00424505 ... -0.00475302 -0.00811027
 -0.0065183 ]",22050,hungry
"[ 0.0000000e+00  0.0000000e+00  0.0000000e+00 ...  3.5333753e-04
  1.7660148e-05 -9.5249816e-05]",22050,hungry
"[ 0.00122228 -0.00082157 -0.00376934 ... -0.00964576 -0.00825835
 -0.00449723]",22050,hungry
"[-0.00896395  0.00057146  0.00793658 ... -0.0119571  -0.01324179
 -0.00783915]",22050,hungry
"[ 0.          0.          0.         ... -0.04869535 -0.03126171
 -0.01275894]",22050,hungry
"[ 1.2662281e-06  1.4249257e-06 -1.5742867e-08 ... -2.2663232e-03
 -1.5005135e-03 -6.7244086e-04]",22050,hungry
"[ 1.0452800e-07  3.6335393e-07  2.3520624e-07 ... -2.0023142e-03
 -9.5558056e-04 -2.6360893e-04]",22050,hungry
"[ 0.          0.          0.         ... -0.02318924 -0.03454357
 -0.02357458]",22050,hungry
[0.0007201  0.00135174 0.00182729 ... 0.02948625 0.02019372 0.00929994],22050,hungry
"[ 1.2662281e-06  1.4249257e-06 -1.5742867e-08 ... -6.8762660e-05
 -3.7307051e-05 -1.0601632e-05]",22050,hungry
"[ 1.2662281e-06  1.4249257e-06 -1.5742867e-08 ...  6.4495130e-04
  3.6753074e-04  1.4223919e-04]",22050,hungry
"[ 1.2662281e-06  1.4249257e-06 -1.5742867e-08 ...  2.3207795e-02
  1.4091954e-02  5.7192571e-03]",22050,hungry
"[ 1.2662281e-06  1.4249257e-06 -1.5742867e-08 ... -2.9298740e-06
 -3.4959047e-07  1.5058986e-06]",22050,hungry
"[ 1.2662281e-06  1.4249257e-06 -1.5742867e-08 ...  3.7743005e-03
  2.4685331e-03  1.0241189e-03]",22050,hungry
[0.00133502 0.00046216 0.00055499 ... 0.09634219 0.08625811 0.04793298],22050,hungry
"[-0.00214318 -0.0044131  -0.00357807 ... -0.03114779 -0.02066894
 -0.00918615]",22050,hungry
"[ 2.3129747e-04  1.8668559e-04  8.6319284e-05 ... -9.9546857e-02
 -5.4743111e-02 -1.8081224e-02]",22050,hungry
"[ 1.2662281e-06  1.4249257e-06 -1.5742867e-08 ... -2.2747913e-01
 -2.0108785e-01 -1.0195125e-01]",22050,hungry
"[ 1.2662281e-06  1.4249257e-06 -1.5742867e-08 ... -4.6843660e-01
 -3.1009710e-01 -1.3356453e-01]",22050,hungry
[0.0005847  0.00083703 0.00106286 ... 0.00131017 0.00097613 0.00047485],22050,hungry
"[ 0.00024066 -0.00072938 -0.00253529 ...  0.00139364  0.0010323
  0.00051764]",22050,hungry
"[-0.00020675 -0.00103192 -0.00150652 ... -0.009119    0.00609126
  0.00636396]",22050,hungry
"[-1.7355774e-06 -6.9740454e-06 -5.5533078e-06 ... -4.4607965e-04
 -5.2915106e-04 -3.3905581e-04]",22050,hungry
"[ 1.2662281e-06  1.4249257e-06 -1.5742867e-08 ... -5.6761071e-02
 -3.8789749e-02 -1.7827209e-02]",22050,hungry
"[3.18754218e-07 1.02699505e-05 2.25840849e-05 ... 1.71003444e-03
 1.33831659e-03 6.78293116e-04]",22050,hungry
"[ 1.2518026e-06  1.0810652e-05  2.2084349e-05 ... -7.5098588e-03
 -5.0731222e-03 -2.3512219e-03]",22050,hungry
"[-1.2705724e-06 -4.1617477e-06 -3.2208661e-06 ... -1.2648919e-03
 -7.9611252e-04 -3.2033556e-04]",22050,hungry
[0.         0.         0.         ... 0.00090589 0.00086991 0.00040301],22050,hungry
"[ 0.0004985   0.00055035  0.00051063 ... -0.00095819 -0.00077961
 -0.00041135]",22050,hungry
"[ 1.2662281e-06  1.4249257e-06 -1.5742867e-08 ... -2.0682687e-01
 -1.3469154e-01 -5.7155851e-02]",22050,hungry
"[ 1.2662281e-06  1.4249257e-06 -1.5742867e-08 ...  3.9991760e-04
  2.8000779e-03  2.8028453e-03]",22050,hungry
"[ 1.2662281e-06  1.4249257e-06 -1.5742867e-08 ... -6.7622475e-03
 -4.8468248e-03 -2.2998692e-03]",22050,hungry
"[ 1.2662281e-06  1.4249257e-06 -1.5742867e-08 ... -2.4542993e-02
 -3.2702316e-02 -2.0401303e-02]",22050,hungry
"[-0.00035287 -0.00125448 -0.00238762 ... -0.00079971 -0.00061305
 -0.0003067 ]",22050,hungry
"[-0.00049553 -0.00129542 -0.0022647  ... -0.09358078 -0.07001081
 -0.03431281]",22050,hungry
"[-0.00014528 -0.00072698 -0.00209961 ... -0.08590578 -0.06224524
 -0.02993205]",22050,hungry
"[ 1.2662281e-06  1.4249257e-06 -1.5742867e-08 ...  2.1644840e-02
  1.6288986e-02  4.3979120e-03]",22050,hungry
"[ 1.2662281e-06  1.4249257e-06 -1.5742867e-08 ...  2.5516899e-02
  1.7114209e-02  7.8366110e-03]",22050,hungry
"[ 1.2662281e-06  1.4249257e-06 -1.5742867e-08 ...  2.1844255e-02
  1.3384413e-02  5.6391768e-03]",22050,hungry
"[ 1.2662281e-06  1.4249257e-06 -1.5742867e-08 ...  1.5166807e-03
  9.4241905e-04  4.7410384e-04]",22050,hungry
"[ 1.2662281e-06  1.4249257e-06 -1.5742867e-08 ... -1.5764061e-02
 -1.3410547e-02 -7.1276468e-03]",22050,hungry
"[ 1.2662281e-06  1.4249257e-06 -1.5742867e-08 ... -6.5698829e-03
 -6.0668010e-03 -3.3623332e-03]",22050,hungry
"[ 1.2662281e-06  1.4249257e-06 -1.5742867e-08 ... -1.0076607e-01
 -9.3558431e-02 -5.0997306e-02]",22050,hungry
"[ 1.2662281e-06  1.4249257e-06 -1.5742867e-08 ... -4.8056107e-05
  1.2133533e-05  2.5935202e-05]",22050,hungry
"[ 1.2662281e-06  1.4249257e-06 -1.5742867e-08 ... -7.1443559e-04
 -5.8368075e-04 -3.0756954e-04]",22050,hungry
"[ 1.2662281e-06  1.4249257e-06 -1.5742867e-08 ...  4.4871835e-04
  6.2039058e-04  3.9582080e-04]",22050,hungry
"[ 1.2662281e-06  1.4249257e-06 -1.5742867e-08 ... -9.6861543e-03
 -1.2783885e-02 -8.3239330e-03]",22050,hungry
"[ 1.2662281e-06  1.4249257e-06 -1.5742867e-08 ...  4.6137490e-04
  4.3358555e-04  2.3961902e-04]",22050,hungry
"[ 0.01346085  0.00880828 -0.00514264 ... -0.0004534   0.0023346
  0.00205169]",22050,hungry
"[-0.00078655 -0.00067603 -0.00039423 ... -0.00934149 -0.01211173
 -0.00804269]",22050,hungry
"[-0.00144566  0.00310575  0.00577574 ...  0.0015372   0.00073197
  0.00037609]",22050,hungry
"[ 0.          0.          0.         ... -0.00576403 -0.00314128
 -0.00112668]",22050,hungry
"[-1.1294131e-03 -4.4526707e-04  1.2322080e-07 ... -3.3119947e-02
 -2.7158096e-02 -1.3334222e-02]",22050,hungry
"[ 1.7063128e-07  4.1446293e-07  2.1010712e-07 ... -1.9810933e-03
 -2.0883381e-03 -1.0887024e-03]",22050,hungry
"[3.2183856e-05 6.2610263e-05 8.4980900e-05 ... 3.8065731e-03 4.3066926e-03
 2.6619041e-03]",22050,hungry
"[ 0.          0.          0.         ... -0.00939232 -0.00483893
 -0.00175585]",22050,hungry
[0.00092438 0.00137251 0.00173066 ... 0.00202541 0.00142714 0.00067254],22050,hungry
"[-8.8200126e-05 -7.3401250e-05 -3.4279667e-05 ... -4.3828789e-02
 -3.2581884e-02 -1.6301310e-02]",22050,hungry
"[-1.4310978e-04 -1.2301026e-04 -7.4801821e-05 ...  1.3518007e-02
  7.5114453e-03  2.2235182e-03]",22050,hungry
"[ 1.2662281e-06  1.4249257e-06 -1.5742867e-08 ...  1.6248459e-02
  9.3866652e-03  3.7019567e-03]",22050,hungry
"[ 1.2662281e-06  1.4249257e-06 -1.5742867e-08 ...  6.8442541e-01
  6.9066954e-01  3.9471540e-01]",22050,hungry
"[ 1.2662281e-06  1.4249257e-06 -1.5742867e-08 ... -2.6095665e-01
 -1.9082955e-01 -9.2092440e-02]",22050,hungry
[0.         0.         0.         ... 0.00051533 0.00033766 0.00012408],22050,hungry
[0.00027923 0.00042206 0.00049624 ... 0.00031796 0.00028061 0.00018281],22050,hungry
"[-1.1219328e-04 -1.7110490e-04 -3.0229508e-04 ...  1.7002416e-04
  8.2207385e-05  2.4698682e-05]",22050,hungry
[0.00503769 0.00762044 0.00383292 ... 0.01043041 0.00761908 0.00345601],22050,hungry
"[-0.00128122 -0.00075327 -0.00091284 ... -0.00371921 -0.00314469
 -0.00164373]",22050,hungry
"[ 1.2662281e-06  1.4249257e-06 -1.5742867e-08 ... -4.0788534e-03
 -3.1000511e-03 -1.5025163e-03]",22050,hungry
"[ 1.2662281e-06  1.4249257e-06 -1.5742867e-08 ...  6.3948370e-05
  4.2646490e-05  1.7454466e-05]",22050,hungry
"[-4.4848439e-05  3.3143597e-06  8.3503030e-05 ...  1.9632443e-03
  1.0745014e-03  3.2297219e-04]",22050,hungry
"[ 8.5848216e-05 -2.3709208e-04 -6.9107511e-04 ... -2.1515816e-01
 -2.0447944e-01 -1.2242917e-01]",22050,hungry
"[-0.0110757   0.00102348  0.01295216 ...  0.00043096  0.00030411
  0.00014661]",22050,hungry
"[ 0.0061427  -0.00663851 -0.01358094 ...  0.0003067   0.00022236
  0.00010989]",22050,hungry
"[ 1.2662281e-06  1.4249257e-06 -1.5742867e-08 ... -2.0276280e-05
 -2.3411389e-05 -2.0922631e-05]",22050,hungry
"[ 1.2662281e-06  1.4249257e-06 -1.5742867e-08 ... -9.1986107e-03
 -5.7552904e-03 -2.1544166e-03]",22050,hungry
"[ 1.2662281e-06  1.4249257e-06 -1.5742867e-08 ... -1.8708531e-02
 -1.1000749e-02 -3.8158097e-03]",22050,hungry
"[ 1.2662281e-06  1.4249257e-06 -1.5742867e-08 ...  1.7335362e-03
  1.7946170e-03  1.0911382e-03]",22050,hungry
"[ 1.2662281e-06  1.4249257e-06 -1.5742867e-08 ... -1.2864501e-03
 -2.1746343e-03 -1.5777997e-03]",22050,hungry
"[ 1.2662281e-06  1.4249257e-06 -1.5742867e-08 ...  3.5453773e-01
  1.9625522e-01  4.8376612e-02]",22050,hungry
"[ 1.2662281e-06  1.4249257e-06 -1.5742867e-08 ... -1.5792924e-03
 -8.0589572e-04 -2.8646420e-04]",22050,hungry
"[ 0.00350991  0.00122997 -0.00187641 ... -0.00228126 -0.00202918
 -0.00109965]",22050,hungry
"[-2.7909697e-04 -2.5902074e-04 -1.8503396e-04 ... -1.7719741e-04
 -6.7206063e-05 -1.3099754e-05]",22050,hungry
"[ 1.2662281e-06  1.4249257e-06 -1.5742867e-08 ...  4.6292502e-03
  1.9196032e-03  3.4715853e-05]",22050,hungry
"[ 1.2662281e-06  1.4249257e-06 -1.5742867e-08 ... -8.2572186e-03
 -1.7727388e-02 -1.3022057e-02]",22050,hungry
"[ 1.2662281e-06  1.4249257e-06 -1.5742867e-08 ... -5.6013133e-02
 -4.0566348e-02 -1.9369248e-02]",22050,hungry
"[ 1.2662281e-06  1.4249257e-06 -1.5742867e-08 ...  5.9355265e-05
  3.3614074e-06 -2.2987995e-05]",22050,hungry
"[-2.4249114e-06 -5.4460074e-06 -3.1923075e-06 ...  1.4858569e-01
  1.0523856e-01  5.1084179e-02]",22050,hungry
"[ 1.26933367e-06  1.43297052e-06 -1.12126735e-08 ...  2.14274023e-02
  1.21833533e-02  5.57017513e-03]",22050,hungry
"[ 1.2662281e-06  1.4249257e-06 -1.5742867e-08 ...  6.0816976e-04
  5.4053764e-04  3.6759477e-04]",22050,hungry
"[ 0.          0.          0.         ... -0.00070307 -0.00064164
 -0.00037195]",22050,hungry
"[ 1.2662281e-06  1.4249257e-06 -1.5742867e-08 ...  4.0954396e-02
  2.7691387e-02  1.1597330e-02]",22050,hungry
"[ 3.0927023e-07  1.0253876e-05  2.2578906e-05 ... -9.8419517e-02
 -8.1953339e-02 -4.3137457e-02]",22050,hungry
"[-1.1575079e-06 -3.8708604e-06 -3.0658257e-06 ...  1.2340648e-02
  1.3336185e-03 -1.8798464e-03]",22050,hungry
"[ 1.2662281e-06  1.4249257e-06 -1.5742867e-08 ...  1.0768954e-03
  7.0174265e-04  3.0414638e-04]",22050,hungry
"[ 1.2662281e-06  1.4249257e-06 -1.5742867e-08 ... -1.1170716e-03
 -8.7479880e-04 -4.5205082e-04]",22050,hungry
"[ 1.2662281e-06  1.4249257e-06 -1.5742867e-08 ... -1.8373325e-02
 -1.2482466e-02 -5.7370570e-03]",22050,hungry
"[ 1.2662281e-06  1.4249257e-06 -1.5742867e-08 ... -6.3818675e-03
 -4.6872511e-03 -2.2090592e-03]",22050,hungry
"[ 1.2662281e-06  1.4249257e-06 -1.5742867e-08 ...  1.8343925e-04
  8.9670655e-05  1.9866377e-05]",22050,hungry
"[ 1.2662281e-06  1.4249257e-06 -1.5742867e-08 ...  3.0023011e-04
  8.6928128e-05 -3.1176725e-05]",22050,hungry
"[ 1.2662281e-06  1.4249257e-06 -1.5742867e-08 ...  7.4632597e-05
  5.4013442e-05  8.9676196e-06]",22050,hungry
"[ 1.2662281e-06  1.4249257e-06 -1.5742867e-08 ... -7.3736943e-02
 -8.6996309e-02 -5.3320054e-02]",22050,hungry
"[ 1.2662281e-06  1.4249257e-06 -1.5742867e-08 ...  4.3947616e-04
  4.7059209e-04  2.7840823e-04]",22050,hungry
"[ 1.2662281e-06  1.4249257e-06 -1.5742867e-08 ... -4.1173347e-03
 -2.7479855e-03 -1.1745688e-03]",22050,hungry
"[ 1.2662281e-06  1.4249257e-06 -1.5742867e-08 ...  6.7411229e-02
  5.4890234e-02  2.8392561e-02]",22050,hungry
"[ 1.2662281e-06  1.4249257e-06 -1.5742867e-08 ...  7.2468080e-02
  5.1012367e-02  2.2783894e-02]",22050,hungry
"[ 0.00284615 -0.00016733 -0.00344256 ... -0.00159529 -0.00186422
 -0.00126805]",22050,hungry
"[-0.00423331 -0.00239957  0.00053855 ...  0.06207063  0.08136449
  0.05276484]",22050,hungry
"[ 2.0217281e-04  1.4413834e-04  3.1180396e-05 ... -2.1178026e-02
 -1.5442482e-02 -7.3266099e-03]",22050,hungry
"[ 1.2662281e-06  1.4249257e-06 -1.5742867e-08 ...  7.1200877e-01
  5.3263760e-01  2.5782898e-01]",22050,hungry
"[-1.3671589e-06 -1.9186502e-06 -3.5474713e-07 ... -5.7355601e-01
 -3.9520949e-01 -1.8310095e-01]",22050,hungry
"[ 1.2662281e-06  1.4249257e-06 -1.5742867e-08 ...  5.1888032e-03
  3.0664180e-03  1.1146427e-03]",22050,hungry
"[ 1.2662281e-06  1.4249257e-06 -1.5742867e-08 ... -8.1112236e-03
 -7.3112035e-03 -4.1653272e-03]",22050,hungry
"[ 0.00036348  0.00136759  0.00249005 ... -0.01097425 -0.00495899
 -0.00138685]",22050,hungry
"[ 1.2662281e-06  1.4249257e-06 -1.5742867e-08 ... -3.8668506e-02
 -2.6611194e-02 -1.2131413e-02]",22050,hungry
"[ 1.3847254e-05  9.2752707e-05  7.4690230e-05 ... -1.6793186e-02
 -1.2712804e-02 -5.7454044e-03]",22050,hungry
"[ 1.2662281e-06  1.4249257e-06 -1.5742867e-08 ...  1.7157112e-03
  1.2449624e-03  6.0089427e-04]",22050,hungry
"[ 1.2662281e-06  1.4249257e-06 -1.5742867e-08 ...  9.9313293e-05
  7.2763258e-05  3.1697138e-05]",22050,hungry
"[ 1.2662281e-06  1.4249257e-06 -1.5742867e-08 ...  2.1822095e-01
  1.4925309e-01  6.8458229e-02]",22050,hungry
"[ 1.2662281e-06  1.4249257e-06 -1.5742867e-08 ... -1.0004348e-01
 -8.1135489e-02 -4.1693334e-02]",22050,hungry
"[ 1.2662281e-06  1.4249257e-06 -1.5742867e-08 ... -3.2422647e-03
 -2.5429812e-03 -1.2812597e-03]",22050,hungry
"[ 1.2662281e-06  1.4249257e-06 -1.5742867e-08 ... -4.5576207e-02
 -3.1697657e-02 -1.5065464e-02]",22050,hungry
"[ 0.00644619  0.00989214  0.00140202 ... -0.0046678  -0.00351155
 -0.00177649]",22050,hungry
"[-0.00368513 -0.001936    0.00040693 ...  0.00217753  0.00131668
  0.00058575]",22050,hungry
"[ 0.00010335 -0.00031148 -0.0011123  ... -0.05345938 -0.03087628
 -0.01158485]",22050,hungry
"[ 0.000188    0.00019073  0.00045829 ... -0.00826857 -0.00554312
 -0.00254909]",22050,hungry
"[ 0.0002809   0.0005849   0.00183159 ... -0.24074905 -0.1545775
 -0.072927  ]",22050,hungry
"[ 1.2662281e-06  1.4249257e-06 -1.5742867e-08 ... -1.0091508e-04
 -6.2954954e-05 -2.3204280e-05]",22050,hungry
"[ 1.2662281e-06  1.4249257e-06 -1.5742867e-08 ...  6.3659757e-02
  4.4240195e-02  1.9685747e-02]",22050,hungry
"[ 1.26622808e-06  1.42492570e-06 -1.57428666e-08 ... -2.20412447e-04
 -1.89582599e-04 -1.10724526e-04]",22050,hungry
"[ 1.26622808e-06  1.42492570e-06 -1.57428666e-08 ... -1.15307085e-01
 -5.60615249e-02 -1.77864730e-02]",22050,hungry
"[-1.0256072e-03 -1.4088709e-03 -1.6032441e-03 ...  1.1595540e-03
  3.7728803e-04 -9.8069053e-05]",22050,hungry
[0.0005078  0.00133966 0.00227999 ... 0.00519818 0.00376366 0.00179451],22050,hungry
"[-0.00119067 -0.00111614 -0.000911   ... -0.00082222 -0.00024339
  0.00015006]",22050,hungry
"[ 3.4982550e-03  8.1265789e-05 -4.1548698e-03 ... -3.4651287e-02
 -2.4780152e-02 -1.1528712e-02]",22050,hungry
"[-1.3919075e-06 -4.4070744e-06 -3.3234219e-06 ...  1.4902848e-01
  1.0732713e-01  5.1294141e-02]",22050,hungry
"[ 1.26933367e-06  1.43297052e-06 -1.12126735e-08 ... -7.82104135e-02
 -7.72226006e-02 -4.50625159e-02]",22050,hungry
"[ 1.0524032e-07  3.6378037e-07  2.3479491e-07 ... -1.8339951e-02
 -1.3209897e-02 -6.1718635e-03]",22050,hungry
"[ 1.2662281e-06  1.4249257e-06 -1.5742867e-08 ...  6.1931491e-02
  5.6233220e-02  3.0085744e-02]",22050,hungry
"[ 1.2662281e-06  1.4249257e-06 -1.5742867e-08 ... -4.1892499e-01
 -3.1209400e-01 -1.5148133e-01]",22050,hungry
"[-0.00461916  0.01777858  0.01944999 ...  0.01987492 -0.01337647
 -0.01829975]",22050,hungry
"[ 1.2662281e-06  1.4249257e-06 -1.5742867e-08 ...  1.1786994e-04
  1.6514302e-04  1.1762480e-04]",22050,hungry
"[ 1.2662281e-06  1.4249257e-06 -1.5742867e-08 ...  1.2235955e-03
  8.2348875e-04  3.6348545e-04]",22050,hungry
"[ 1.2662281e-06  1.4249257e-06 -1.5742867e-08 ...  4.3802831e-04
  3.2134505e-04  1.5348049e-04]",22050,hungry
"[ 1.2662281e-06  1.4249257e-06 -1.5742867e-08 ...  7.5748838e-05
  3.9908814e-04  3.5941548e-04]",22050,hungry
"[ 1.2662281e-06  1.4249257e-06 -1.5742867e-08 ...  1.7344852e-03
  1.1736546e-03  5.3343328e-04]",22050,hungry
"[ 1.2662281e-06  1.4249257e-06 -1.5742867e-08 ...  3.9545754e-01
  2.0750125e-01  5.6554105e-02]",22050,hungry
"[ 1.2662281e-06  1.4249257e-06 -1.5742867e-08 ...  1.5403978e-03
  1.2064938e-03  6.0859090e-04]",22050,hungry
"[-3.3752889e-07 -3.6209665e-06 -3.7205073e-06 ... -7.4791633e-02
 -6.8665743e-02 -3.8095605e-02]",22050,hungry
"[ 1.2662281e-06  1.4249257e-06 -1.5742867e-08 ...  2.7169660e-02
  2.2063810e-02  1.1482776e-02]",22050,hungry
"[ 1.2662281e-06  1.4249257e-06 -1.5742867e-08 ...  1.5674326e-01
  1.4488864e-01  7.9308979e-02]",22050,hungry
"[ 1.2662281e-06  1.4249257e-06 -1.5742867e-08 ... -3.6994316e-02
 -2.5986221e-02 -1.3860970e-02]",22050,hungry
"[-0.0006212  -0.00115445 -0.00171607 ... -0.00294413 -0.00181067
 -0.00055822]",22050,hungry
[0.00042719 0.00127023 0.00231259 ... 0.00655839 0.00350741 0.00111428],22050,hungry
"[ 1.1561478e-08  1.0250538e-08 -3.5793384e-09 ... -3.3315644e-03
 -3.1866240e-03 -1.9867772e-03]",22050,hungry
"[-1.5317797e-09  8.1027343e-07  8.8864124e-07 ... -3.5605812e-03
 -8.3938539e-03 -5.9422348e-03]",22050,hungry
"[ 1.2662281e-06  1.4249257e-06 -1.5742867e-08 ...  9.0461606e-03
  7.0831883e-03  3.5891556e-03]",22050,hungry
"[ 1.2662281e-06  1.4249257e-06 -1.5742867e-08 ...  1.3864879e-01
  1.1653422e-01  6.0235910e-02]",22050,hungry
"[ 1.2662281e-06  1.4249257e-06 -1.5742867e-08 ...  3.8955214e-03
  1.4383389e-03  1.6547926e-04]",22050,hungry
"[-0.00036105 -0.00044013 -0.00041767 ...  0.15552278  0.11088032
  0.05239305]",22050,hungry
"[ 0.00091127 -0.00028118 -0.00115862 ... -0.12254903 -0.0291954
  0.01333304]",22050,hungry
[0.         0.         0.         ... 0.02587858 0.0227526  0.01283141],22050,hungry
"[ 0.00076802 -0.00117832 -0.0034282  ...  0.00897046  0.00526884
  0.00195637]",22050,hungry
"[-0.00106045  0.00013265  0.00281663 ...  0.03580697  0.02566112
  0.0099506 ]",22050,hungry
"[-4.1757244e-06  8.5428015e-05  8.7506276e-05 ... -5.1532453e-03
 -3.1451106e-03 -1.1340588e-03]",22050,hungry
[0.0009322  0.00115444 0.00104241 ... 0.11267609 0.08075532 0.03857026],22050,hungry
"[ 1.2662281e-06  1.4249257e-06 -1.5742867e-08 ... -9.9887796e-02
 -4.3789655e-02 -1.8593116e-03]",22050,hungry
"[ 1.2662281e-06  1.4249257e-06 -1.5742867e-08 ... -1.1930313e-03
 -9.1852015e-04 -4.6468290e-04]",22050,hungry
"[ 1.2662281e-06  1.4249257e-06 -1.5742867e-08 ... -1.1903100e-04
 -9.0426838e-05 -4.7382666e-05]",22050,hungry
"[ 1.2662281e-06  1.4249257e-06 -1.5742867e-08 ...  5.9163000e-02
  5.1357228e-02  2.7545111e-02]",22050,hungry
"[ 1.2662281e-06  1.4249257e-06 -1.5742867e-08 ... -2.1078294e-02
  6.3391109e-03  9.3115587e-03]",22050,hungry
"[ 1.2662281e-06  1.4249257e-06 -1.5742867e-08 ...  1.9703759e-03
  2.5511798e-03  1.8488218e-03]",22050,hungry
"[ 1.2662281e-06  1.4249257e-06 -1.5742867e-08 ...  1.0524295e-01
  1.0699523e-01  6.1995298e-02]",22050,hungry
"[ 1.2662281e-06  1.4249257e-06 -1.5742867e-08 ...  1.6677873e-04
  3.1173890e-04  1.8333923e-04]",22050,hungry
"[ 1.2662281e-06  1.4249257e-06 -1.5742867e-08 ... -1.2271279e-02
 -7.9634199e-03 -3.4651947e-03]",22050,hungry
"[ 1.2662281e-06  1.4249257e-06 -1.5742867e-08 ...  2.1743712e-03
  1.8859018e-03  9.8850543e-04]",22050,hungry
"[ 1.2662281e-06  1.4249257e-06 -1.5742867e-08 ...  8.9966670e-05
  8.0482627e-05  4.1363219e-05]",22050,hungry
"[ 1.2662281e-06  1.4249257e-06 -1.5742867e-08 ... -3.2193970e-03
 -3.9725760e-03 -2.3693605e-03]",22050,hungry
"[ 0.          0.          0.         ... -0.00804126 -0.00590583
 -0.00281026]",22050,hungry
"[ 3.1527673e-04  3.5058436e-04  1.9102482e-04 ... -6.8356015e-04
 -3.4831959e-04 -8.4391933e-05]",22050,hungry
"[ 0.          0.          0.         ... -0.00458742 -0.00254212
 -0.00093031]",22050,hungry
"[-0.00308548 -0.00047453  0.00432216 ... -0.00347355  0.00518403
  0.00830334]",22050,hungry
"[ 1.2662281e-06  1.4249257e-06 -1.5742867e-08 ...  1.8984351e-04
  1.7722917e-04  1.0799678e-04]",22050,hungry
"[ 1.2662281e-06  1.4249257e-06 -1.5742867e-08 ...  9.6904747e-03
  1.5873022e-02  1.0656109e-02]",22050,hungry
"[ 1.2662281e-06  1.4249257e-06 -1.5742867e-08 ...  5.4335457e-01
  4.2087790e-01  2.0644581e-01]",22050,hungry
"[ 1.2662281e-06  1.4249257e-06 -1.5742867e-08 ... -9.1591814e-05
 -7.7662939e-05 -3.3732369e-05]",22050,hungry
"[ 1.2662281e-06  1.4249257e-06 -1.5742867e-08 ... -2.0472012e-03
 -1.3128247e-03 -5.8041554e-04]",22050,hungry
"[ 1.2662281e-06  1.4249257e-06 -1.5742867e-08 ...  2.5764555e-03
  2.6301448e-03  1.5084633e-03]",22050,hungry
"[ 1.2662281e-06  1.4249257e-06 -1.5742867e-08 ... -4.9331724e-03
 -5.8281263e-03 -3.6191801e-03]",22050,hungry
"[ 1.2662281e-06  1.4249257e-06 -1.5742867e-08 ... -2.4130458e-03
 -2.4236736e-03 -1.3842761e-03]",22050,hungry
"[-0.00039313 -0.00244245 -0.00355251 ... -0.0010756  -0.00093506
 -0.00044726]",22050,hungry
"[-2.6170349e-06 -7.1577406e-06 -4.7400104e-06 ...  2.8880179e-02
  1.7587621e-02  7.1754707e-03]",22050,hungry
"[-1.3885578e-06 -4.3992691e-06 -3.3194592e-06 ... -3.2320414e-03
 -5.4369168e-04  8.3109637e-04]",22050,hungry
"[1.0524032e-07 3.6378037e-07 2.3479491e-07 ... 3.3015266e-01 3.2640055e-01
 1.9678712e-01]",22050,hungry
"[ 1.2662281e-06  1.4249257e-06 -1.5742867e-08 ...  1.1365466e-03
  3.2228496e-04  3.1814197e-05]",22050,hungry
"[ 0.00092858  0.00284622  0.00325214 ... -0.00902146 -0.00594714
 -0.00216389]",22050,hungry
"[-0.01008318 -0.00703364  0.00284667 ...  0.0020558   0.00129457
  0.00055888]",22050,hungry
"[ 0.02610637  0.01385282 -0.01131823 ...  0.18139338  0.15702868
  0.08483301]",22050,hungry
"[-3.3607026e-07 -3.6238876e-06 -3.7252073e-06 ... -4.6170872e-02
 -2.6245574e-02 -9.7072572e-03]",22050,hungry
"[-3.4023051e-07 -3.6315273e-06 -3.7281336e-06 ...  9.4304007e-01
  6.8169236e-01  3.2132658e-01]",22050,hungry
"[-0.00502476 -0.0016945   0.00201029 ...  0.07194775  0.03503021
  0.00671701]",22050,hungry
"[-5.5943272e-04 -4.2730122e-04 -1.2605485e-04 ... -1.7126314e-01
 -1.3327070e-01 -6.7257233e-02]",22050,hungry
"[ 0.00081941  0.00144167  0.00202021 ... -0.04224724 -0.02888892
 -0.01184116]",22050,hungry
"[-0.00044825 -0.00045888 -0.00024922 ... -0.00120776 -0.00035926
  0.00011727]",22050,hungry
"[ 1.1420575e-06  1.0506179e-05  2.1904583e-05 ... -3.2274355e-03
 -2.5469854e-03 -1.2793518e-03]",22050,hungry
"[ 3.22996279e-08 -9.60708064e-08 -1.25914724e-07 ...  1.01309465e-02
  4.20373259e-03  1.16621109e-03]",22050,hungry
"[ 1.1512362e-06  1.2874358e-06 -2.4697984e-08 ... -4.4269323e-01
 -3.4442401e-01 -1.6716917e-01]",22050,hungry
"[ 1.3584122e-07  6.4604683e-07  4.7432181e-07 ... -5.2549317e-02
  3.3912316e-02  4.8541944e-02]",22050,hungry
"[ 1.2662281e-06  1.4249257e-06 -1.5742867e-08 ...  2.3691687e-03
  1.5025673e-03  5.8005366e-04]",22050,hungry
"[ 1.2662281e-06  1.4249257e-06 -1.5742867e-08 ... -6.4719734e-03
 -4.1040224e-03 -1.7708411e-03]",22050,hungry
"[ 0.00083363  0.00108659  0.00168439 ... -0.01877593 -0.01342972
 -0.00649574]",22050,hungry
"[-8.1013721e-05 -1.2672029e-03 -2.6684497e-03 ... -5.7922280e-03
 -4.6394025e-03 -2.3613549e-03]",22050,hungry
"[ 0.          0.          0.         ... -0.0040258  -0.00251561
 -0.00106043]",22050,hungry
"[-0.00076221 -0.00115733 -0.0013111  ...  0.00082671  0.00074537
  0.00046212]",22050,hungry
"[-4.4433022e-04 -6.8270828e-04  5.1438174e-06 ...  1.1932258e-02
  1.0554695e-02  5.3474139e-03]",22050,hungry
"[ 1.2662281e-06  1.4249257e-06 -1.5742867e-08 ...  4.1070255e-03
  3.2284651e-03  1.6770693e-03]",22050,hungry
"[ 0.00051048 -0.00125881 -0.0002737  ...  0.0266766   0.01617578
  0.00590808]",22050,hungry
"[-0.00181356  0.0255977   0.02716159 ...  0.03265058  0.02376119
  0.01178932]",22050,hungry
"[ 1.2662281e-06  1.4249257e-06 -1.5742867e-08 ...  2.1483233e-02
  1.5911905e-02  7.8320457e-03]",22050,hungry
"[ 5.26778820e-07  1.03190205e-05  2.23942916e-05 ... -5.56433620e-03
 -6.07293053e-03 -3.42778140e-03]",22050,hungry
"[ 1.2662281e-06  1.4249257e-06 -1.5742867e-08 ...  4.8560629e-04
  3.7440873e-04  1.6454409e-04]",22050,hungry
"[1.2490469e-06 1.0800137e-05 2.2076842e-05 ... 3.3538926e-03 5.2213338e-03
 3.8211916e-03]",22050,hungry
"[ 0.00050159  0.00107058  0.0016269  ... -0.00537055 -0.00358032
 -0.00168266]",22050,hungry
"[ 1.2662281e-06  1.4249257e-06 -1.5742867e-08 ...  3.4194880e-03
  2.6978136e-03  1.3172299e-03]",22050,hungry
"[ 1.2662281e-06  1.4249257e-06 -1.5742867e-08 ... -1.0487215e-03
 -7.1060268e-04 -3.3350539e-04]",22050,hungry
"[ 1.2662281e-06  1.4249257e-06 -1.5742867e-08 ...  1.7975940e-04
  1.4037786e-04  6.8518384e-05]",22050,hungry
"[ 1.2662281e-06  1.4249257e-06 -1.5742867e-08 ... -8.1624212e-03
 -7.7677751e-03 -4.3522674e-03]",22050,hungry
"[ 1.2662281e-06  1.4249257e-06 -1.5742867e-08 ... -2.4724284e-01
 -1.9913611e-01 -9.8654158e-02]",22050,hungry
"[-8.5099593e-05 -5.5330518e-05 -6.4920077e-06 ...  4.9615285e-01
  3.1555453e-01  1.0779960e-01]",22050,hungry
"[-2.2446119e-07 -3.3300739e-06 -3.5654666e-06 ...  9.4481028e-04
  4.9756095e-04  1.3065750e-04]",22050,hungry
"[ 1.2662281e-06  1.4249257e-06 -1.5742867e-08 ... -7.8100679e-03
 -5.9939325e-03 -3.0296575e-03]",22050,hungry
"[ 1.2662281e-06  1.4249257e-06 -1.5742867e-08 ... -4.4454617e-05
  1.7778599e-07  4.7021931e-05]",22050,hungry
"[ 1.2662281e-06  1.4249257e-06 -1.5742867e-08 ...  2.6544934e-02
  2.2605162e-02  1.1881387e-02]",22050,hungry
"[ 1.2662281e-06  1.4249257e-06 -1.5742867e-08 ...  8.9742672e-03
  5.2458639e-03  1.8183056e-03]",22050,hungry
"[ 1.2662281e-06  1.4249257e-06 -1.5742867e-08 ... -1.7273480e-01
 -2.1521907e-01 -1.3463563e-01]",22050,hungry
"[ 1.26622808e-06  1.42492570e-06 -1.57428666e-08 ... -1.64418429e-01
 -1.01342775e-01 -4.02347147e-02]",22050,hungry
"[ 1.2662281e-06  1.4249257e-06 -1.5742867e-08 ...  1.3799647e-02
  1.0031019e-02  4.8174220e-03]",22050,hungry
"[-0.00011537  0.00041794  0.00111516 ... -0.00406231 -0.00208046
 -0.0006759 ]",22050,hungry
[0.00053238 0.00045319 0.00028876 ... 0.00111806 0.00081508 0.00041657],22050,hungry
[0.         0.         0.         ... 0.00910718 0.01118567 0.00701562],22050,hungry
"[-0.00019005 -0.00069198 -0.00192461 ...  0.00337479  0.00039416
 -0.00056402]",22050,hungry
"[ 0.00057106 -0.00118401 -0.00344038 ...  0.01059835  0.00889433
  0.00478917]",22050,hungry
"[-0.00328839  0.00114323  0.00289208 ... -0.04104045 -0.06110277
 -0.0442453 ]",22050,hungry
"[-0.00233795  0.00223965  0.00608773 ... -0.10664579 -0.11457941
 -0.06648196]",22050,hungry
"[ 0.0010611   0.00055596 -0.00013258 ... -0.00219402 -0.00106143
 -0.00049549]",22050,hungry
"[ 0.00283269 -0.0070577  -0.0089808  ...  0.06731445  0.06060264
  0.03413039]",22050,hungry
"[ 0.00032981 -0.00087874 -0.00202655 ...  0.02911084  0.03355426
  0.02040895]",22050,hungry
"[-0.00167667 -0.00242519 -0.00216244 ... -0.00416936 -0.00266518
 -0.00101247]",22050,hungry
[0.01664696 0.03122374 0.00998254 ... 0.02101164 0.01805493 0.00953362],22050,hungry
"[1.1302393e-06 1.0615381e-05 2.2029928e-05 ... 9.7649806e-04 5.6146929e-04
 1.1467271e-04]",22050,hungry
"[ 0.00332605  0.00507433  0.00251268 ... -0.02863012 -0.04678467
 -0.03319041]",22050,hungry
"[-0.00402915  0.0007142   0.00287143 ... -0.00614876 -0.00509689
 -0.00242488]",22050,hungry
"[ 1.2662281e-06  1.4249257e-06 -1.5742867e-08 ...  7.6747939e-02
  5.2607082e-02  2.3654481e-02]",22050,hungry
"[ 1.2662281e-06  1.4249257e-06 -1.5742867e-08 ...  4.0015180e-02
  3.0024575e-02  1.4759413e-02]",22050,hungry
"[ 1.2662281e-06  1.4249257e-06 -1.5742867e-08 ... -1.8107864e-01
 -1.2493919e-01 -5.7505880e-02]",22050,hungry
"[ 0.          0.          0.         ... -0.00171038 -0.00285777
 -0.00193205]",22050,hungry
"[ 0.00059573  0.0001456  -0.00192307 ...  0.05970224  0.04305168
  0.02043823]",22050,hungry
"[ 0.00911377 -0.00426986 -0.01246283 ... -0.00868306 -0.00686562
 -0.00403155]",22050,hungry
"[ 1.4233288e-04 -1.4263501e-04 -2.6824680e-04 ...  3.3004507e-01
  2.6897231e-01  1.4611903e-01]",22050,hungry
"[ 1.26622808e-06  1.42492570e-06 -1.57428666e-08 ... -5.60433939e-02
 -3.46210301e-02 -1.37883555e-02]",22050,hungry
"[ 1.26622808e-06  1.42492570e-06 -1.57428666e-08 ...  3.42988819e-02
  1.23362355e-02  1.48446171e-03]",22050,hungry
"[ 0.00022584  0.00031965  0.00042684 ... -0.00424351 -0.00369123
 -0.00205791]",22050,hungry
[0.         0.         0.         ... 0.00445361 0.00314842 0.00146368],22050,hungry
[0.         0.         0.         ... 0.01771443 0.01339396 0.00664045],22050,hungry
"[ 0.00393617 -0.00039187 -0.00376196 ... -0.03334574 -0.01170014
 -0.00122314]",22050,hungry
"[ 2.0991960e-04  2.1545835e-04  1.5961174e-04 ... -2.0844114e-01
 -1.4366414e-01 -6.5365337e-02]",22050,hungry
"[2.0209470e-04 1.3334585e-04 7.3583478e-06 ... 3.4230889e-03 2.8293449e-03
 1.4264324e-03]",22050,hungry
[0.         0.         0.         ... 0.25885335 0.18720125 0.09047004],22050,hungry
"[-0.00059498 -0.00078233 -0.00097827 ...  0.07309957  0.05529897
  0.02827073]",22050,tired
"[ 1.2662281e-06  1.4249257e-06 -1.5742867e-08 ... -9.5466651e-02
 -8.4041089e-02 -4.6431977e-02]",22050,tired
"[ 1.2662281e-06  1.4249257e-06 -1.5742867e-08 ... -9.7580421e-05
  3.8897514e-04  3.9461598e-04]",22050,tired
"[ 1.2662281e-06  1.4249257e-06 -1.5742867e-08 ...  2.2359015e-03
  1.5898412e-03  7.5076806e-04]",22050,tired
"[-0.00039346 -0.00081516 -0.00193101 ... -0.01430839 -0.00969597
 -0.00438176]",22050,tired
"[ 0.          0.          0.         ... -0.00152764 -0.00112527
 -0.00058234]",22050,tired
"[ 0.00169346 -0.00036423 -0.003784   ...  0.00468822  0.00328316
  0.00147772]",22050,tired
"[-5.7836529e-05 -4.7218680e-05 -2.2237160e-05 ... -3.9204307e-02
 -2.5435800e-02 -1.0455675e-02]",22050,tired
"[1.1657163e-03 1.3275974e-03 6.9154671e-04 ... 5.1736606e-05 2.4760197e-04
 2.0485980e-04]",22050,tired
[0.00088376 0.00243739 0.0032174  ... 0.00339188 0.00381343 0.00230231],22050,tired
"[-3.5955801e-03  1.7701733e-04  5.5835024e-03 ... -4.0531204e-06
 -7.9750299e-04 -6.8703404e-04]",22050,tired
"[-0.00160119 -0.00105294  0.00025306 ... -0.04088826 -0.03167311
 -0.01407719]",22050,tired
"[ 1.2662281e-06  1.4249257e-06 -1.5742867e-08 ... -5.9793526e-01
 -4.1200441e-01 -1.9102192e-01]",22050,tired
"[-0.00063598 -0.00129569 -0.00202735 ... -0.0159251  -0.01637623
 -0.00911184]",22050,tired
"[-0.00060016 -0.00169998 -0.00251239 ... -0.09450769 -0.06662149
 -0.03111248]",22050,tired
[0.00031361 0.00032889 0.00026372 ... 0.00040654 0.00028413 0.00012692],22050,tired
"[ 1.2662281e-06  1.4249257e-06 -1.5742867e-08 ...  2.1738282e-03
  1.4336883e-03  6.1698939e-04]",22050,tired
"[ 1.2662281e-06  1.4249257e-06 -1.5742867e-08 ...  8.6272496e-04
  9.6999470e-04  5.8311340e-04]",22050,tired
"[ 0.          0.          0.         ... -0.00027813 -0.00068355
 -0.00048828]",22050,tired
"[ 1.2662281e-06  1.4249257e-06 -1.5742867e-08 ...  2.0650428e-05
  2.8538958e-05  2.0734264e-05]",22050,tired
"[-3.8751253e-08 -1.0039243e-07 -5.6374493e-08 ... -4.2823455e-04
 -3.5864965e-04 -2.0135098e-04]",22050,tired
"[-2.2192911e-07 -2.7248334e-06 -2.9604546e-06 ... -1.0047917e-04
 -8.6455220e-05 -4.0399860e-05]",22050,tired
"[ 1.2960104e-06  1.4040507e-06 -7.0718102e-08 ...  3.0598396e-02
  4.0578816e-02  2.9268576e-02]",22050,tired
"[ 1.2662281e-06  1.4249257e-06 -1.5742867e-08 ...  1.6795032e-04
  9.0829097e-05  3.4692133e-05]",22050,tired
